ensembl_id	symbol	transcript_id	reason	cds_len	len_first_stop	len_through
ENSG00000163602	RYBP	ENST00000477973.5	non_acgt	657	218	218
ENSG00000166473	PKD1L2	ENST00000525539.5	length_not_multiple_of_3;internal_stop;no_terminal_stop	7379	2130	2459
ENSG00000176290	OR4K3	ENST00000425829.2	length_not_multiple_of_3;internal_stop;no_terminal_stop	947	214	315
ENSG00000182477	OR2B8	ENST00000432841.1	length_not_multiple_of_3;internal_stop;no_terminal_stop	938	31	312
ENSG00000213439	OR5AC1	ENST00000429239.1	length_not_multiple_of_3;internal_stop;no_terminal_stop	925	95	308
ENSG00000221957	KIR2DS4	ENST00000339924.12	length_not_multiple_of_3;internal_stop;no_terminal_stop	893	239	297
ENSG00000225997	OR4A8	ENST00000418689.1	internal_stop;no_terminal_stop	945	135	315
ENSG00000227152	OR2T7	ENST00000641557.1	length_not_multiple_of_3;internal_stop;no_terminal_stop	952	109	317
ENSG00000243641	OR13C7	ENST00000424348.1	length_not_multiple_of_3;internal_stop;no_terminal_stop	959	151	319
ENSG00000244682	FCGR2C	ENST00000466542.6	internal_stop	972	56	323
ENSG00000249730	OR10J4	ENST00000504970.1	length_not_multiple_of_3;internal_stop;no_terminal_stop	935	213	311
ENSG00000251608	OR12D1	ENST00000514827.2	length_not_multiple_of_3;internal_stop;no_terminal_stop	947	238	315
ENSG00000254658	OR8J2	ENST00000641465.1	internal_stop	948	63	315
ENSG00000258806	OR11H7	ENST00000553765.2	internal_stop	945	226	314
ENSG00000260811	OR4C45	ENST00000568934.1	internal_stop	921	59	306
ENSG00000262085	OR1P1	ENST00000571766.2	length_not_multiple_of_3;internal_stop	994	184	330
ENSG00000272987	OR5AL1	ENST00000440231.1	length_not_multiple_of_3;internal_stop;no_terminal_stop	985	157	328
ENSG00000273085	OR52E1	ENST00000445557.1	length_not_multiple_of_3;internal_stop;no_terminal_stop	926	278	308
